id,product_name,brand,category,description,price,original_price,discount_percent,rating,review_count,stock,image_url
1,Samsung Galaxy S24 Ultra 5G (256GB),Samsung,Mobiles,"The ultimate Android flagship featuring the Snapdragon 8 Elite Gen 5 processor, a stellar 200 MP camera, and an integrated S Pen.",129999.0,144999.0,10.3,4.7,4865,33,https://encrypted-tbn3.gstatic.com/shopping?q=tbn:ANd9GcQPllpWX0SmcHan61Y2hYv0UNFT-RpQEGS0nMRN2VULWgqNuBUNfFqDHDouxf1o1O7tkyslwQD9TtIa9uTdDdP-vvM-VrdL8PLdwjf1nGw8qSPfx5ITeBxvrg
2,Apple iPhone 16 (128GB),Apple,Mobiles,"The best all-rounder iPhone, offering exceptional processing speed, robust cameras, and all-day battery life.",79900.0,79900.0,0.0,4.3,1229,42,https://encrypted-tbn3.gstatic.com/shopping?q=tbn:ANd9GcS6Bzpp4KHk22HmJXtU69gLmAS0s3QOQqUZ7MAJpvPtyFg9-THnh6BUfHpAeHuN7mDOUM67EogptHWHM1Z69nUjgxYR7btmFw0HK5v4oqPDlb4D3SUsVDy0eqU
3,Google Pixel 9 Pro XL (128GB),Google,Mobiles,"Renowned as the best overall phone for Android with unmatched AI features, a pure software experience, and incredible camera capabilities.",124999.0,139999.0,10.7,4.6,879,64,https://encrypted-tbn1.gstatic.com/shopping?q=tbn:ANd9GcQfauoSo21_QgNOFFuoE10Br4OJm7m3PkfH2XhgGtew6oPDDTMbzfKahVxSExq0vn5hmuyeR5vc0dlvVnRN02ZWi1X1KG-z
4,"Apple MacBook Air 13.6-inch M3 (16GB, 256GB)",Apple,Laptops,"Powered by the next-gen M5 chip, this laptop offers blazing AI capabilities, Apple Intelligence, and up to 18 hours of battery life in a remarkably thin, lightweight body.",114900.0,114900.0,0.0,3.8,823,96,https://encrypted-tbn1.gstatic.com/shopping?q=tbn:ANd9GcQWpfYB8J14j3wpxTYHSqD3OFduoLMukyoAAXk9R57ZjiWf2p8CdSyk5YCzjBTbRsRWNSdRCi4gAICUpz6Im9h_Z8WJHxVCJIBBoUcnpoE8e2iWQrsB72Z5rjJ6
5,Samsung Galaxy Watch 7 40mm (Bluetooth),Samsung,Smart Watches,"The pinnacle for Android users, featuring a bold cushion design, an ultra-bright 3000-nit display, and advanced holistic health tracking driven by Galaxy AI. [1, 2, 3, 4, 5]",29999.0,32999.0,9.1,4.7,2884,157,https://encrypted-tbn3.gstatic.com/shopping?q=tbn:ANd9GcRrT68enrg6XGtHzKh646AuHObNP9mRbhI-7N40gKg7LCibIFN-AIbF1OLb-MER6pT-A2ORgTd04slmIJFnDo0Ai7h0yotW12jgJCLfrc8
6,Sony WH-1000XM5 Wireless ANC Headphones,Sony,Headphones,"he industry-leading flagship for noise cancellation. Offers unparalleled 12-mic real-time processing, studio-grade sound, 30+ hours of battery life, and stellar multi-device connectivity.",29990.0,34990.0,14.3,3.6,3149,157,https://encrypted-tbn3.gstatic.com/shopping?q=tbn:ANd9GcT9V_6P_HzmhDVPAG2KDMvd2Vhic-PiEh84hus_lMcRrwkZ6qdcNfbWMSswLOfd3cctEu2IuUFv-SfdA6en_T4EpE0wknI_3KSlGi7k2AhCE-aj6QET9l9Uiw
7,"OnePlus 12 5G (256GB, 12GB RAM)",OnePlus,Mobiles,"A favorite for gamers and heavy power users, delivering blazing-fast performance, super-fast charging, and a vibrant display.",64999.0,69999.0,7.1,3.6,2392,198,https://encrypted-tbn1.gstatic.com/shopping?q=tbn:ANd9GcTHICtYNyZ1po4Q8ashlWnedeX85jgh39l-auNESbcjRBURY4lNLwSvb7PB10dz9GE2gfrsvf-iuX1oreagSY6SWSbgmTpIKd35DwADJ-gkop2YZogkQm1F8Q
8,Apple Watch Series 10 (GPS 42mm),Apple,Smart Watches,"The ultimate smartwatch for iPhone users, offering advanced sleep scoring, hypertension alerts, and premium integration.",46900.0,49900.0,6.0,3.9,3493,35,https://encrypted-tbn3.gstatic.com/shopping?q=tbn:ANd9GcT7xCvo6irGoDGyMeQJBeYYYmUDAAtTghrFXaPuD2Wutt3UDQ4e6GYrgdFUT_M6vXnMY58xE2_6OqsPmoTiUTRDk5QSqrNWAbBFzqlqAas69ZWjHIZ4ITa-Gg8
9,Apple MacBook Air 13-inch M2 (256GB),Apple,Laptops,"A premium, student-friendly MacOS laptop featuring the A18 Pro chip. It provides the classic, high-end MacBook build and feel at a much more accessible price point.",89900.0,99900.0,10.0,3.9,4715,10,https://encrypted-tbn0.gstatic.com/shopping?q=tbn:ANd9GcTpYXOWfGdtm_01f_6H9IUjq4RmbDoapgWNGOSII8iGRsBK9PGAdYRuQlKG-BN_Q11qOj_yrD6BBxuOJfowMscMOLfWEOqbtGfacsADFKQnXypQrIQTBREfuw
10,"Oppo Find X8 Pro (512GB, Hasselblad)",Oppo,Mobiles,A premium camera-focused phone featuring top-tier Hasselblad tuning and a stunning display for photography enthusiasts.,99999.0,109999.0,9.1,3.6,289,103,https://encrypted-tbn3.gstatic.com/shopping?q=tbn:ANd9GcQI4pkV63J6xh1ByEljXhE3JRph74z-zZpuEjg73Pvd9ZSBm_QHY1j94QHPpKmhPah0T2musuWCb2dqu76Gmse0kIPyLWhYGSqkxzyBvUhunjy9AarebYZx-w8
11,"Xiaomi 14 Ultra (512GB, Leica Quad Camera)",Xiaomi,Mobiles,A heavy-hitting flagship device with massive camera sensors and incredible zooming capabilities for professional-grade photography.,99999.0,119999.0,16.7,4.1,1266,161,https://encrypted-tbn2.gstatic.com/shopping?q=tbn:ANd9GcROq6bCBdl7i881x1Ql4WCsGhG9vaMB51Mzonfxo1nycKqSkMfL_pwAA1OCDC7dbrXL8UDGf--T1ieHr5vfdWZ5WTMii-kVtcZXgWW-kAYGVHtr-wNiQmq5sg
12,Google Pixel Watch 3 41mm (Wi-Fi),Google,Smart Watches,"Google's refined ecosystem watch, blending Fitbit's top health metrics with a domed LTPO AMOLED display, sleek active bands, and helpful AI. [1, 2]",39900.0,43900.0,9.1,4.0,1101,125,https://encrypted-tbn1.gstatic.com/shopping?q=tbn:ANd9GcTMQpH1a4145sR-TcjO9FyRbePx22IYzYTo7SXNX0nA9XTUkE9f8Xkg7lx4zlfid9aR5qqjiWIqie2SQyaiA5TRKQwykVvsytYQbaBQvFfJ1LVFCKMhLJ3QdA
13,"Dell XPS 14 9440 (Intel Core Ultra 7, OLED)",Dell,Laptops,"This ultraportable dazzlingly features a crisp OLED screen, robust Intel Core Ultra processors, and supreme build quality, making it a top tier choice for creators and professionals.",194990.0,219990.0,11.4,4.8,4684,152,https://encrypted-tbn2.gstatic.com/shopping?q=tbn:ANd9GcRnUXsDU3gSDeQYJxx6hS5ZtN2cLIQ8VWvkSUTuUQnZ28gXZoxE3Z2F134o5dbpULrjl4eIz1Sbp2OJrQbilCELLNr3yiY-HxBVzwk-mo8
14,"Motorola Razr 50 Ultra (512GB, Foldable)",Motorola,Mobiles,"A top-tier foldable flip phone that features a massive, highly functional external screen and a sleek, compact design.",89999.0,99999.0,10.0,4.4,2914,57,https://encrypted-tbn3.gstatic.com/shopping?q=tbn:ANd9GcQXEgWIaSGasAQILwbkDKpqiSDGz3tWuO9YWAMn51LhTU_oTqWKsLKspEYQgtaluoUcctHwOz-9ddlDizbMjD6WN4vsfuqk
15,"HP OmniBook Ultra 14 (AMD Ryzen AI 9, 32GB)",HP,Laptops,"One of HP's finest ultraportables, featuring an oversized haptic trackpad, premium metal edges, and powerful next-gen Intel Core Ultra processing for seamless multitasking.",139999.0,159999.0,12.5,4.1,1749,140,https://encrypted-tbn3.gstatic.com/shopping?q=tbn:ANd9GcTlt5re7rMVtdEkUNaQ2b5je4kO5zDpGPIJ6cWv0JpUZzPQfIySBBmU99Lw0I1Tj90LeU2DqhWgKFNIi4qYM2mSODXpGSE_
16,"Vivo X200 Pro (512GB, Zeiss APO Telephoto)",Vivo,Mobiles,"Highly rated for its incredible portrait photography and low-light camera performance, powered by the latest Snapdragon 8 Gen 5 chip.",94999.0,104999.0,9.5,4.7,4414,138,https://encrypted-tbn1.gstatic.com/shopping?q=tbn:ANd9GcRQbY1AEa7aBg9-jnEsxX50qa6l66KVSYrjE-T9zyyY8pXSqzrhvrFOzoJ6R83nofiS9PLSgW_7ASKgooOpbtM3haRfzT3iq29KpGp9jLCJ2gsL5UcoChxMbrc
17,"Nothing Phone 2a 5G (128GB, Glyph)",Nothing,Mobiles,"A budget-friendly device with a unique transparent back, glyph interface for notifications, and a clean, responsive OS.",23999.0,25999.0,7.7,4.6,3129,29,https://encrypted-tbn1.gstatic.com/shopping?q=tbn:ANd9GcQtvc_bnuRKKzUHuDkojnyi6RnJ4kj1_wz4zmS73jgudc1rIOBpKLPUFltqsz0TxRq2hGcU-WwGWWIEXv_9rIBD-Y9EOCje2109r1qhhxgq6RwUeEX68aMCmA
18,Bose QuietComfort Ultra Wireless Headphones,Bose,Headphones,"A staple for pure listening comfort and premium build. The Immersive Audio feature creates a spacious soundstage, while the top-tier ANC easily blocks out background distractions.",35900.0,39900.0,10.0,4.7,613,199,https://encrypted-tbn1.gstatic.com/shopping?q=tbn:ANd9GcTWw6EhUJ4BI2W3XXz6mrcnIwIh5RmgwmKGYwQ1fd2tYwhb7GHrG14TyGDN_hhihrzzG_ZBAAulYmG7QA8CvGe1ay-XTFW3EoHRviGef7HkOyQOxyVtxfKvCQ
19,"ASUS Zenbook 14 OLED (Intel Core Ultra 9, 32GB)",Asus,Laptops,"A stunning AI PC built for productivity, offering an OLED touchscreen, extended-life battery, and all the essential ports, housed in a thin chassis.",124990.0,139990.0,10.7,3.7,4939,16,https://encrypted-tbn1.gstatic.com/shopping?q=tbn:ANd9GcSMKUsYb_hZpAlqa9CmV1YjmH1isZheMSTF0h4HNWMC7xxKAr_RuTE6ysFMwPinHxwhGdKjcLMvHf1cuea_n5X6j5EmS0zhg10gVbCURwaDa6uHAu_IFXscQt4
20,Apple AirPods Max (USB-C),Apple,Headphones,"A premium, heavy-hitting favorite for Apple ecosystem users. Features warm sound, superb spatial audio, and top-tier noise isolation.",59900.0,59900.0,0.0,4.5,4652,88,https://encrypted-tbn2.gstatic.com/shopping?q=tbn:ANd9GcQvpQG23rrj3FKPZgFHadmRpkHDmwISVRzLCT9fNyRmPEjO24PROy_9zlyho882Z1LfZFylOVTWwDyPZ_PGZy5Ogbo6ywnhiRvwyqKCAurHumpH8_QBUZHTR9u6
21,Sennheiser Momentum 4 Wireless ANC,Sennheiser,Headphones,"Built for audiophiles. It provides a massive 60-hour battery life, crystal-clear aptX Adaptive sound, and excellent ergonomic comfort.",26990.0,34990.0,22.9,4.6,3915,156,https://encrypted-tbn3.gstatic.com/shopping?q=tbn:ANd9GcTa5ty5lTg-ZHSdou-1jOykUOVgqUNNozFF7qK1RqDo_D0OyWQVilQtIYTK497-bO8HO6oxs5H4Q8glLpNN7XVSt-QnoExNiLWjii2xIhf9ZuY8AsKGA3IsAQ
22,"Apple MacBook Pro 16-inch M4 Pro (24GB, 512GB)",Apple,Laptops,"The ultimate workstation for highly demanding tasks and AI workflows. It features the M5 Max chip, massive unified memory, and a breathtaking Tandem OLED display.",249900.0,249900.0,0.0,3.5,921,123,https://encrypted-tbn1.gstatic.com/shopping?q=tbn:ANd9GcRt9lXCOo7eF2gnpbGotxQ2TBJgPMNrZ9MAGklJ1aoZEE22WOX1pLLkUP65VMe1ugBCBCbzSisKLHf5qbsSh4gIKhvHOzn3pYYta0bgYNhj07sHh9SOXsTJQw
23,Garmin Enduro 3 Solar GPS Ultra-Battery Watch,Garmin,Smart Watches,"The best-in-class outdoor companion featuring solar charging for incredible battery life, TopoActive maps, and trail navigation for serious athletes.",89990.0,99990.0,10.0,4.1,2575,117,https://encrypted-tbn0.gstatic.com/shopping?q=tbn:ANd9GcQM2lvwDPbs6svYDh9vyM1w7vo0f38nvX-w_gzrV97-k2UDfPMNp6C_wb9UmvsKE6w0TXHYvmhF91FpDYRqH-zOGn5tDK_fAA
24,Marshall Major V Bluetooth Headphones,Marshall,Headphones,Features an iconic rock-and-roll aesthetic with a convenient foldable design. Boasts an incredible 80+ hours of playtime and snappy wireless charging.,14999.0,17999.0,16.7,4.0,3602,124,https://encrypted-tbn3.gstatic.com/shopping?q=tbn:ANd9GcRNcW1mBnjts0J9niGTAIZ_fU8XDygP5jG8yqh5KMTedL3H1dfdd_e7AbJPjca5CBiE2dw09IRPF0DjkJNnYPbim2419MK0ZA
25,Lenovo ThinkPad X1 Carbon Gen 12 (Core Ultra 7),Lenovo,Laptops,"The gold standard for business mobility, offering unmatched durability, a legendary keyboard typing experience, and excellent security features.",174990.0,199990.0,12.5,4.2,735,38,https://encrypted-tbn0.gstatic.com/shopping?q=tbn:ANd9GcRuCngIJmhnOP42c-k3VEvCF6cb4cyMSIAO477LTxgKIJKzkI7sQfKVBeva_pSnPmLocnWpejTpu65ono3IvMAmkadRLhr9
26,Realme GT 7 Pro 5G (Snapdragon 8 Elite),Realme,Mobiles,"A strong performance-driven phone offering a massive battery, extremely fast charging, and excellent gaming capabilities.",59999.0,64999.0,7.7,4.8,2785,133,https://encrypted-tbn3.gstatic.com/shopping?q=tbn:ANd9GcQhxJEX8pd9Pw_ZwzZLdDeMx_4jQniPZ96RckRkYJ9-rc7ehfdiF46DM28BKGgCxRn7zOQF5q_uRBGMmBk8RsSQnFjEd2QhopgtW-QT7d-1k9u1SJTuK2rCBA
27,Sonos Ace Premium Spatial Audio ANC Headphones,Sonos,Headphones,"Sonoss sleek entry into the headphone space. It delivers incredibly accurate, hi-fi sound with dynamic head tracking and seamless integration with Sonos home theater systems.",39999.0,44999.0,11.1,3.9,2996,31,https://encrypted-tbn0.gstatic.com/shopping?q=tbn:ANd9GcQ7diTMHOOcFV7_V9KSUp9Sfe7m8gbsLkkig0WkMJwicHk2KEjodWAIpmKoZBnwH13wiigPejATUtoEpL0af66aOm7HEAF285V4HKztwZpEd7aPcutttz9obrw
28,"ASUS ROG Strix SCAR 18 (i9 14th Gen, RTX 4090)",Asus,Laptops,"A heavy-duty gaming powerhouse featuring the Intel Core Ultra 9 processor and RTX 5090 GPU to deliver elite, high-frame-rate performance for AAA games.",339990.0,369990.0,8.1,4.8,2755,77,https://encrypted-tbn0.gstatic.com/shopping?q=tbn:ANd9GcTMLlguswtiHrUqWsNPpT8LMPKcQIbibMlRRErdEsrhGdVnTxRco04r8nowpX9j2QMDsoWDXGzp1h54HR0fknk05sEG_pXvOlndUIbullD3sCX--XIhxSOv
29,"OnePlus Watch 2 (Wear OS, Dual-Engine)",OnePlus,Smart Watches,"Known for its outstanding battery life and robust build, this watch pairs a titanium/stainless steel chassis with a bright LTPO display and fast charging. [1, 3, 4]",22999.0,24999.0,8.0,4.4,3242,189,https://encrypted-tbn0.gstatic.com/shopping?q=tbn:ANd9GcSypANS3fGZa_wITWGLUxzcknvcXWu83Dj_i04U5lcv0nucBTykkODbPBTPxN3bA5IYEkkh7Mq_r0iI6YBKgj3UkrhMdkZfYg
30,Amazfit Active Edge Rugged Smartwatch,Amazfit,Smart Watches,"A highly stylish budget-friendly option that delivers sharp AMOLED visuals, continuous heart rate tracking, and GPS with full route mapping.",8999.0,12999.0,30.8,3.6,4534,59,https://encrypted-tbn1.gstatic.com/shopping?q=tbn:ANd9GcSlVglRh5RtHfqqzeDWz-Cf34zwH7RyK2oXVnYOV2LDZ7n6-xvNoZVv33OgZK3mngWUaHGvisZWUJe3ZD8JjfMyKigf5Xn71HK48DbSiV4uxhfO3PqTVjPmyLmR
31,Anker Soundcore Space One ANC Headphones,Anker,Headphones,"The undisputed value champion. At a fraction of the cost of premium competitors, it gives users great sound, reliable noise cancellation, and a sleek, travel-friendly design.",8999.0,11999.0,25.0,4.7,4816,44,https://encrypted-tbn0.gstatic.com/shopping?q=tbn:ANd9GcQf6qIJNx25A9ArJVrPYR0CKDHeao_BReCV2lr2WSdwZK_sBm-amkdBaE0jxxUZr05daqDqogRG_LoTJqHdNLWjnp2kZxuomdrwi5wiU6NSBrfcTCL_p01mZJgQ
32,JBL Live 770NC Adaptive ANC Headphones,JBL,Headphones,"Known for JBLs iconic Pure Bass Sound. Includes true Adaptive Noise Cancelling, solid battery longevity, and easy app-based EQ customization.",12999.0,15999.0,18.8,4.7,3931,177,https://encrypted-tbn1.gstatic.com/shopping?q=tbn:ANd9GcTqLetV01cx8HrlebGhA3wAImv54cFmXj0hjGl1Ca-s-M3OaaFBbf4unJ3slTP2IaFsj_UFFXno4jTEiACHl6wHNDWBeaKqfA
33,"HP OmniBook X 14 (Snapdragon X Elite, 1TB)",HP,Laptops,"Tailored for the modern freelancer, this machine merges robust, AI-ready computing power with a sleek, highly portable, and battery-efficient frame.",139999.0,154990.0,9.7,3.9,4626,145,https://encrypted-tbn3.gstatic.com/shopping?q=tbn:ANd9GcSup0KTFiGEuVYn_7AHaZyc_vBD0kYI18Tk-tALDcdgC2uBEa8dcRDNh65VPVLgxK2F-Vf5A6ZNuyJuwqNWz-31lIQUt-0c_KAHBma2VqvpbODQPheem1NTG2k
34,CMF by Nothing Watch Pro 2 (Interchangeable Bezel),Nothing,Smart Watches,"Offers dynamic, fashion-forward styling with an interchangeable bezel, built-in GPS, Bluetooth calling, and a vivid 620-nit AMOLED display. [1, 2, 4, 5]",4999.0,5999.0,16.7,4.4,115,156,https://encrypted-tbn2.gstatic.com/shopping?q=tbn:ANd9GcStn0RXSRva323_YR1JO6c5cEPxMm5POX0MPSquksOBi0pvDP9zJqQMmjnY1NJJ5-dZPvBv2PfPisuhyrvIISyNfql9tnNO_icrlWYgQoQLWR9EcfxBoyvQ7Q
35,Noise Three Wireless On-Ear Bluetooth Headphones,Noise,Headphones,"A newer launch boasting premium specs at aggressive prices. Offers Hi-Res LDAC audio, Adaptive ANC, and a massive 120-hour battery.",2499.0,4999.0,50.0,4.9,1247,5,https://encrypted-tbn2.gstatic.com/shopping?q=tbn:ANd9GcSIcen1AkhWUfAkjZNgF-sqmy9BPZTq-KFbhRMWEMuAyr19F2ADFJqhZ8WieVdWKf50f-wcEJppmM7DNabh1zGvJt1xR3QbTWOK4ObWdpPVKtCXwWhS1IOm_Q
36,Garmin Forerunner 265 GPS Running Smartwatch,Garmin,Smart Watches,"Designed specifically for runners and fitness enthusiasts, it packs multi-band GPS and morning training reports into a vibrant, lightweight AMOLED body. [1, 2, 3, 4, 5]",46990.0,50990.0,7.8,3.6,2523,132,https://encrypted-tbn2.gstatic.com/shopping?q=tbn:ANd9GcR-vkTI5m9yV8IY0BfekJCYIOBWwvHx7Kk6f_HyjptiHX1do28Y2Nb3dqfi1NlTICslmBWO-YAioCUg4Y3iAAH5Tp4ziOthvkrrATgASIE7x19q6UJ7kVZZ9Q
37,"Xiaomi Redmi Watch 5 Lite (AMOLED, GPS)",Xiaomi,Smart Watches,"A sleek, square-dial everyday option loaded with a 1.83-inch display, 10-day battery life, 5ATM water resistance, and 100+ sports modes. [1, 2, 3, 4]",3499.0,4999.0,30.0,4.6,4655,160,https://encrypted-tbn2.gstatic.com/shopping?q=tbn:ANd9GcQjwsPu_m9-at3rACdgC5RsQ6s1N6N1bvOI8gX2qDimcvMZBlwS4nNWdQ9DWlqqLWt9GTqreXp7dt0yPlP9row-YNnfEMmCK4ZVEOV3tOTsGWzD0AOCONdp
38,Lenovo Yoga Book 9i Dual 13.3-inch 2.8K OLED,Lenovo,Laptops,"A unique, dual-screen productivity beast that offers endless possibilities and an extremely versatile form factor for intense multitasking and creative workflows.",209990.0,239990.0,12.5,4.9,4144,125,https://encrypted-tbn3.gstatic.com/shopping?q=tbn:ANd9GcSx9G_JJwpxgZZ0ZIPNXFGSkKgRCMSFtL3aa2fRLdZZTaTeA17D4X_ob4Xs3CfWSh86VQuTFsa5Bb4Nu8nLHt9-t4T1jeSWfOwRI_Goi6RCt1_mX_M__YQNrQ
39,realme TechLife Studio H1 Wireless ANC,Realme,Headphones,"A highly trending budget pick in the Indian market. Features 43 dB Adaptive ANC, 360-degree spatial audio, and an amazing 70 hours of playtime.",4999.0,6999.0,28.6,4.8,231,192,https://encrypted-tbn2.gstatic.com/shopping?q=tbn:ANd9GcSLn6Dgn24Br__MLIEYe72t5DlGO4ap-iennZKFdZWkyEfi-z9Im78K2DxLjpOHCvFeoUQ3-CTeXajv4aD33pWYdHLjqcFmR4jJnWo2Pgj5-N2NWu4dPPNlD9c
40,boAt Storm Call 3 BT Calling Smartwatch,Boat,Smart Watches,"An extremely popular entry-level pick featuring advanced Bluetooth calling, turn-by-turn navigation, and Emergency SOS capabilities. [1, 2, 3, 4, 5]",1499.0,4990.0,70.0,4.4,3191,124,https://encrypted-tbn0.gstatic.com/shopping?q=tbn:ANd9GcTSF7U-o6q0kkIzcWd0znGRFbEk-INcXC4X-Cxlp6OKBpv6UgeKS9PvzdO_VFdXnjmO9XT-AFaPUJ04utWv4-nYKTVzAI3X1EXKQDgSdw8ruAlSOLSqAZn34Q
41,Apple iPhone 16 Plus (128GB),Apple,Mobiles,"Apples premium flagship offering exceptional gaming performance, an incredible pro-camera system, and long battery life. [1, 2]",89900.0,89900.0,0.0,3.8,2989,102,https://encrypted-tbn3.gstatic.com/shopping?q=tbn:ANd9GcQTUVqrOa0je4xB2k9itbz7NmPcuq97w6H4VrnWLyQ-VDejRiKT5eLJFW3-7GJTaamIKPT2xV-jhdYIjd2IYfLBhI-bZifNms7qtM1u-nS8iPVF6AU71uYv
42,"Samsung Galaxy Watch Ultra 47mm (LTE, Titanium)",Samsung,Smart Watches,"Designed for extreme durability, this premium rugged smartwatch features a tough titanium case, a 3000-nit Super AMOLED display, and extreme weather/water resistance. It has robust standalone LTE capabilities and advanced AI-powered health tracking.",59999.0,64999.0,7.7,4.4,1818,29,https://encrypted-tbn0.gstatic.com/shopping?q=tbn:ANd9GcTZUDZUxKhVf-lg3qfRfJTfgWN8Id6fjpIH1mbE-hNTIUQc5OwyNnojY806n3-vpkcS7mehfwmaLgHJxcHMcXznK3VhqYtXHg
43,Apple Watch Series 10 (GPS + Cellular 46mm),Apple,Smart Watches,"The gold standard for iPhone users. With a brilliant Always-On Retina OLED display and strong cellular connectivity, it lets you take calls, send texts, and stream music completely independently of your iPhone.",56900.0,59900.0,5.0,3.9,824,114,https://encrypted-tbn2.gstatic.com/shopping?q=tbn:ANd9GcRYVFJnZOcgmSs6_DXwT1JxkAwkPpUqjagcjlqA11dtwlA7c4H-42bKh-71Zsxlk6sJCg57322-R3aS2qK5suiI3wNDbWYYW1J_Ks-5WjkOiM9MN64dFhMMJ0U
44,Google Pixel Watch 3 45mm (LTE),Google,Smart Watches,Google's premium standalone option that offers deep Gemini AI integration directly from your wrist. It provides excellent standalone cellular features and works smoothly across Android.,43900.0,47900.0,8.4,4.4,3318,126,https://encrypted-tbn2.gstatic.com/shopping?q=tbn:ANd9GcQRLAErzC9TfssUG7qq0TH7sEDX9mYEgSjfY-tTrrEMHd7ih8v4s-r5h3zHsD_cPo470JsiLS-rKnRcPmhCw4NR8p6RbECMuA
45,boAt Lunar Pro LTE Smartwatch with eSIM,Boat,Smart Watches,"A highly accessible, eSIM-enabled option in the Indian market that includes built-in cellular calling and built-in GPS.",2999.0,7990.0,62.5,4.4,626,164,https://encrypted-tbn1.gstatic.com/shopping?q=tbn:ANd9GcSpKfSd6Wc0ttKvsZBlfFMmaiIazZWyP4tdZIudhsD5KiplAgti7Lmh7AVFech_viG2y9xYYDMAN0NaTvPyICM6yw0f2s8P
46,Sony WH-1000XM5 Premium Noise Cancelling Headphones,Sony,Headphones,"The flagship active noise-canceling headset. It features a 12-mic real-time noise-canceling processor, AI-beamforming microphones for clear mobile calls, and 30-hour battery life.",29990.0,34990.0,14.3,4.7,455,128,https://encrypted-tbn3.gstatic.com/shopping?q=tbn:ANd9GcSStPvCTC1_N1g4tnAodsMMjW2nzmUxu6wtUSdI1NRjV5e4esTZTyU7-f7TxudoZ1ab85dy8mTKVmV-cnZujWYCGoS9f3RD0AzIh7JjxnYtBS9m7jThvFp8gQ
47,Bose QuietComfort 45 SE ANC Headphones,Bose,Headphones,"Known as the gold standard for comfort, it delivers immersive spatial audio and exceptional active noise cancellation tailored for all-day wear. [1, 2, 3]",24900.0,29900.0,16.7,4.7,2100,89,https://encrypted-tbn2.gstatic.com/shopping?q=tbn:ANd9GcSbay_iTpT7LSY7Pn7FnoxvcdD5YAiCrkN0-O02SqAoqiizJtQ_18ZepW54ZhWhJVp_--fWvGkeACxdLIeC2lH4G92Zirt-PF3M7kPyROww3B9Qu7vIMXiQnxs
48,"Google Pixel 9 Pro 5G (128GB, Tensor G4)",Google,Mobiles,"Known as the best overall phone, it features class-leading computational photography and a massive, vibrant display.",109999.0,119999.0,8.3,4.9,2184,97,https://encrypted-tbn0.gstatic.com/shopping?q=tbn:ANd9GcRQJitKB7b8mqL0ADjJFkQ5zvCbSqJJpyvTtodqHi3PFM2o8bO8VWax4zHYdEVd-sd3sDDR2w4NSqtpL7AM0_H7_8KUYsTvjNTyhWQvLk5FW5dnl7J1raXHQYc
49,NoiseFit Voyage LTE Calling Smartwatch,Noise,Smart Watches,"Marketed as one of India's first 4G eSIM calling smartwatches. It allows smartphone-free calling with direct SIM support, storing up to 200 contacts.",2799.0,6999.0,60.0,3.6,2709,187,https://encrypted-tbn0.gstatic.com/shopping?q=tbn:ANd9GcSebul1Mx1L92ZsCmJyigEI4Q2sz-4K6yfLyITgJgvk7kRRCr7MJUfWSiP9h4pZoiXRrrYvxB_SHQPxi_iXHw_nSaxmHiBFbwB69lRpZO8WVx30yIifVRa0uA
50,Samsung Galaxy Book4 Edge (Snapdragon X Elite),Samsung,Laptops,Combines a stunning Dynamic AMOLED 2X display with AI-focused architecture for seamless multi-device connectivity and ecosystem integration,124990.0,142990.0,12.6,4.8,3561,11,https://encrypted-tbn0.gstatic.com/shopping?q=tbn:ANd9GcS7amL1hcroBNTnl7Scutsri_s-2fw_36p8sUi8jc7LbVUrw7CZbrZiJkx7hoMGYlVmTtgA-mx7HbyaoFvyLjM7gvZYDo90
51,Microsoft Surface Laptop 7th Edition (13.8-inch),Microsoft,Laptops,"Features an ultra-responsive touchscreen, exceptional all-day battery life, and powerful Snapdragon processors to streamline everyday productivity",136990.0,154990.0,11.6,3.6,2805,48,https://encrypted-tbn3.gstatic.com/shopping?q=tbn:ANd9GcTIusOlW9USxVj6os_Eg2VsqihL7_IeAwt97UZl0vTpOkRt5HNhM-JUzg_G1EJdeEBuf_jobImn3-b5wOojxQCa50XZl_I9nO-M7cfmZAPjrw9ST-WmzUKt1cs
52,ASUS Zenbook S 14 OLED (Core Ultra 7 258V),Asus,Laptops,"Features an ultra-slim, minimalist ceramized aluminum design, an OLED display, and excellent battery life for users on the move",149990.0,169990.0,11.8,3.7,4935,67,https://encrypted-tbn2.gstatic.com/shopping?q=tbn:ANd9GcRPS7F3Yr6UGv_V3Kv6DVZi-A6MCTbMt0rZecCINCLecIxWKVy7ZvmBZ9S1TZGSHeFDM8XJOjdaNj_FUwO_CytvKx2vphMMR1Toj6f2WEdqdx92V9lEx6ZhyA8
53,"Acer Swift 14 AI (Snapdragon X Plus, 16GB)",Acer,Laptops,"An ultra-lightweight AI-powered machine engineered for portability, offering seamless multitasking and a beautiful display",99999.0,114999.0,13.0,3.7,2869,125,https://encrypted-tbn1.gstatic.com/shopping?q=tbn:ANd9GcQQTzdx98_MOQQxaFX0qoPuQNX2RQ9Vq_yyUVur_K1PECcGzeUeVmqlW1ab_eTv8ckQErm09QSMQ7uXLS2eWobOf_uvm4QXvjRiYLnsNX30YaIxqG37-otKRw
54,Sony WH-1000XM4 Industry Leading ANC Headphones,Sony,Headphones," Offers industry-leading noise cancellation, comfortable soft-fit leather, and a quick-charge feature that gives 3 hours of playback from a 3-minute charge.",22990.0,29990.0,23.3,3.6,4823,151,https://encrypted-tbn1.gstatic.com/shopping?q=tbn:ANd9GcR-LpbkhXLd_Zb2ofyjAGBeFHlXk6g2tG8k6gydpP8dL3AXZhFijZNprSCb83v3POYGvZUixCcHVa7CUnWPajDB6ex6ygHqhyHdBWdpXf4z8ETTK50WFbUMJg
55,Lenovo ThinkBook 16 Gen 7 (Core i5 13th Gen),Lenovo,Laptops,"A reliable, large-screen productivity laptop designed for professionals, boasting robust security features and a tactile, comfortable keyboard. [1, 2, 3, 4]",62990.0,78990.0,20.3,3.8,3522,170,https://encrypted-tbn2.gstatic.com/shopping?q=tbn:ANd9GcSn-WXaLorbdhEveDnn0HUUY_rfL49R69Q6QAOKouxvJY490NhYN2JSzBiWAXqXSjmdG1tEXbDamDkLeJtmWxczBmW4HI2t
56,"Samsung Galaxy Z Fold6 5G (256GB, AI Foldable)",Samsung,Mobiles,"Samsungs flagship foldable, featuring a massive inner workspace and seamless multitasking capabilities.",164999.0,179999.0,8.3,4.6,3596,164,https://encrypted-tbn3.gstatic.com/shopping?q=tbn:ANd9GcS32Ry-0BWg0kx_I86ykZVRyDwzkNbE30M8jUtiwfrrysmiA6UxehQV5m2fuzYA1b7wSZmhaDZ9a_np5LyTC7YjtY9UY9nOwQ
57,Apple AirPods Pro 2nd Gen (MagSafe Case USB-C),Apple,Headphones,"The ultimate wireless earbud choice for iOS mobile users, featuring advanced spatial audio, top-tier noise cancellation, and a comfortable design.",24900.0,24900.0,0.0,3.6,1953,197,https://encrypted-tbn1.gstatic.com/shopping?q=tbn:ANd9GcR-LpbkhXLd_Zb2ofyjAGBeFHlXk6g2tG8k6gydpP8dL3AXZhFijZNprSCb83v3POYGvZUixCcHVa7CUnWPajDB6ex6ygHqhyHdBWdpXf4z8ETTK50WFbUMJg
58,Vivo X100 Ultra 5G (Zeiss 200MP Telephoto),Vivo,Mobiles,The ultimate photography smartphone packed with a Zeiss-backed 200-megapixel telephoto sensor and the Snapdragon 8 Elite chip.,119999.0,129999.0,7.7,4.5,4340,192,https://encrypted-tbn2.gstatic.com/shopping?q=tbn:ANd9GcREOmyRAFroVMQtxEZ-HZteIlJxoR35LBnFcXOxqj_Wl7C-szZbgvisv7CTf885mF5uAK3_qdAI3mvbGpd-vtOhOSjQq9sT715Yl_612moHLqz8lerguJ3NV5Q
59,Apple Watch Series 10 (GPS 46mm Aluminium),Apple,Smart Watches,"he premier smartwatch for iOS users, featuring a large always-on Retina display, advanced health metrics like Vitals, and speedy 5G cellular performance",49900.0,49900.0,0.0,3.6,1296,35,https://encrypted-tbn2.gstatic.com/shopping?q=tbn:ANd9GcRVema7bbDc79Kgg0Ark7Iqdkb_72iGfTtkLyEHAEvs3mBMogfjyjpp7idSydZUbPZoXHQ9YPzYCy8CnI7NmwSfcSjfs7nv2OKEd4QrrqI9Ol1qXNMkCr3_mImw
60,Xiaomi 14 Ultra Photography Kit Bundle,Xiaomi,Mobiles,"A masterclass in smartphone photography, boasting incredible low-light capabilities and ultra-premium build quality.",109999.0,124999.0,12.0,4.9,3473,86,https://encrypted-tbn1.gstatic.com/shopping?q=tbn:ANd9GcS4DtMUn7nXz5xSGONRtK0qbwXc-if48RGb0cSV3w_XIo1-ItgcpyZzPTswmZgUsMLHJ8yIACsGRcsVioh6qv-YviIBYoTTICSZGNydxFh2Ee6gD-eZNUiJ
61,Apple AirPods Max Over-Ear ANC Headphones,Apple,Headphones,"Premium over-ear wireless headphones blending high-fidelity audio, dynamic head-tracking spatial audio, and seamless integration with Apple devices. [1, 2]",59900.0,59900.0,0.0,3.5,2031,22,https://encrypted-tbn3.gstatic.com/shopping?q=tbn:ANd9GcSLPl2ibRGQXHPprVatMxFS2REhW2L69u4H_WzPuLBRjIrdN0TjYHcYml16iobI2jfeEWCPa1z0swszEjDDwTUiA2iZn0auNXXFCNzcfxX3bpCw2EWCHtuo9hcU
62,"Oppo Find X8 (256GB, MediaTek Dimensity 9400)",Oppo,Mobiles,"Renowned for its stunning design, smooth color reproduction, and top-tier camera hardware.",69999.0,79999.0,12.5,3.8,3449,15,https://encrypted-tbn2.gstatic.com/shopping?q=tbn:ANd9GcQ2NTiRFl6gYuMCcIzu4KSuDqGpX4XX1dV7zHgJ3dVsjax3HTxvcZzdW5sw4jIBEXtIwhCSJpG0s1IxGmqZ7q8cgb4J3Q6ZKHdrWq1cKfce__9SZm1ir5tM
63,"Motorola Razr 50 (256GB, 3.6-inch External Screen)",Motorola,Mobiles,"A premium book-style foldable device featuring a brilliant, high-resolution main display. [1, 2]",64999.0,74999.0,13.3,3.7,4203,64,https://encrypted-tbn3.gstatic.com/shopping?q=tbn:ANd9GcRufKd1dt95vvljwLunvOcIIJpOu-3kB6Wqs9rdhhNGEiOH_Jmvynf4aQyRbm_tkxVxMO1XFLn3snUILs4PEdI28gI2CYMq5w
64,Apple Watch Ultra 2 (GPS + Cellular 49mm Titanium),Apple,Smart Watches,": Built for extreme outdoor conditions, featuring a rugged titanium case, advanced satellite connectivity, and exceptional battery life. [1, 2, 3, 4, 5]",89900.0,89900.0,0.0,3.6,1475,197,https://encrypted-tbn0.gstatic.com/shopping?q=tbn:ANd9GcSMskwygVgKWwLSiL6WWyRT90JC8ctAP30_uGbM_p5Km0LNHPusq2aHGhdBLVGQyRSgxwNmgSTeQOu5M5YeWUEtmqrSoRzm0PWi5CZwVKxdtUwUlSrt4yqeyA
65,Samsung Galaxy Buds3 Pro (AI Blade Lights),Samsung,Headphones,"Engineered for the Samsung ecosystem. They offer rich mobile audio, active noise cancellation, and high-res wireless audio support",17999.0,19999.0,10.0,4.2,4548,75,https://encrypted-tbn1.gstatic.com/shopping?q=tbn:ANd9GcRuY_lS47i0bwl_0kVJWaq20pat8ofQRJfuhZlNueQBGQloCnG1UJT76et7gjJQnQc7gFRv0bq8BIiBGw3YHhuLWz9scU4EQZ05krgVrvGlKqIzUVLXkzOaFQ
66,HONOR Magic V3 5G (Ultra-Slim 9.2mm Foldable),Honar,Mobiles,"A sleek, next-generation foldable device offering top-tier processing power",149999.0,169999.0,11.8,4.9,1346,39,https://encrypted-tbn1.gstatic.com/shopping?q=tbn:ANd9GcStvQwp6aK9_oLL7OCZlvshjTM8cICgMp7IWIB-kAVVIEBkCyFmug4XJbJm9tWeXeALs6V_Q_hykbK6KAip8nIDtmoRZ32ymg
67,Apple Watch SE 2nd Gen (GPS 40mm),Apple,Smart Watches,"The ultimate value cellular watch, providing core Apple ecosystem features, fitness tracking, and safety essentials at a competitive price point",29900.0,29900.0,0.0,3.6,1434,161,https://encrypted-tbn0.gstatic.com/shopping?q=tbn:ANd9GcQH0uOGbpsAj-9phFuMuYgxzrjHOx5kih-f6199xCNeTwqK5HwRXnnyoIm0EvI6MO6cHFRl8Y1n5uTnbhpd1CPAsA82DR1rOkXEQBuhlpd0ClbhNZWjufqS89E
68,Samsung Galaxy Watch 7 44mm (Bluetooth),Samsung,Smart Watches,": The best all-around option for Android users, offering AI-powered health monitoring, a sleek aluminum build, and a long battery life. [1, 2, 3, 4, 5]",32999.0,35999.0,8.3,4.4,4212,40,https://encrypted-tbn0.gstatic.com/shopping?q=tbn:ANd9GcRIpTLrAZiPko2qaoABpQiuZ6_nNVjykeMudprGdWnIxE7P2KaymJ1sRi47tqsrwq9trjNupRDn__dxBmRDKMmF1nvwEMc8
69,Google Pixel Watch 3 45mm (Wi-Fi),Google,Smart Watches,": A deeply AI-integrated smartwatch that uses Fitbit technology for health tracking, now upgraded with better battery life and LTE capabilities",43900.0,43900.0,0.0,3.5,2776,120,https://encrypted-tbn2.gstatic.com/shopping?q=tbn:ANd9GcSU0S1vixbsQm1h9mLt--kawBo35HZcd_yNxVp0BE4vQFVCbbNhE6CPfTACQRHo0tQreETL4b3hCNXfH56loUm5scLdU3kFnyBoyZ4pUL6jLOTa9cotxTFaBw
70,Samsung Galaxy Watch Ultra 47mm LTE (Dark Gray),Samsung,Smart Watches,": Samsung's premium rugged device, offering exceptional durability, water resistance, and robust standalone 4G calling features. [1, 2, 3, 4, 5]",59999.0,64999.0,7.7,4.4,1166,123,https://encrypted-tbn3.gstatic.com/shopping?q=tbn:ANd9GcTZLikvVP840uu74J4pRllJu_yAeH9R9VCVJZz7fd6Zxa4pDEni4Lg99STAy1MorKe-x6BJVM_ccwmToiQKYte-FUEdYUFvIj1rOeIrjcVyXZc7nSS57ayW2io
71,Sennheiser Momentum 4 Wireless Denim Edition,Sennheiser,Headphones,Known for stellar audio quality and an outstanding 60-hour battery life. Includes adaptive noise cancellation and customizable EQ via the mobile companion app,27990.0,34990.0,20.0,4.3,2646,34,https://encrypted-tbn1.gstatic.com/shopping?q=tbn:ANd9GcQplTI4083epk8A7yfjo0ypjyCE_aNgeW4BqWtukEDYwKk0WeFi5MSTOOSKFxFKNFB5y9kZPIBb4ADGhpkGrUkgY5mmGwLjxSXwkv-5Rly0U1eFUcJIksTkew
72,Nubia REDMAGIC 9 Pro 5G (Snapdragon 8 Gen 3),Redmagic,Mobiles,A dedicated gaming beast with advanced cooling tech and maximum refresh rates.,74999.0,84999.0,11.8,4.2,2874,47,https://encrypted-tbn0.gstatic.com/shopping?q=tbn:ANd9GcRkIfDe752Gv1N3vtViP4544O1kG5eK4n9Bw8dkEAZwiVzEqLHh-Yun0zseCX-mkHiZxTpdmgVAxUa2eoXnDPoHpouIYEuwanvnUy3eD4swdakY_NB1yWGhSQ
73,CMF by Nothing Neckband Pro (50dB Hybrid ANC),Nothing,Headphones,"A stylish, budget-friendly over-ear option with active noise cancellation, strong bass performance, and high-res codec support",2499.0,3499.0,28.6,4.8,3290,27,https://encrypted-tbn3.gstatic.com/shopping?q=tbn:ANd9GcRNkYSAxB7_3DDzpifPqUBv8WYxMfatu7Q670IZdH2Xr3Wx3Xympu592z06Y53wQaaklZh1NUJ3ySglmrYLGe_IZ-GnCQ3x-532k_hdPcJXBC1JfLj4G7pctw
74,"MSI Raider 18 HX Gaming (i9 14900HX, RTX 4090)",Msi,Laptops," A dominant high-end gaming and content creation laptop, propelled by a tip-top Core Ultra 9 processor and fierce graphic rendering capabilities.",369990.0,419990.0,11.9,4.2,4736,122,https://encrypted-tbn1.gstatic.com/shopping?q=tbn:ANd9GcRZrojlwV_koGNJl9AdnJvVx84a-C-kXKRT-M2YNUTW151vEHoGcRkuOgqwEXza6tH0_CxnoIsxco8jMpmwW5yHi6aEzq0BvCyUxzmiUiAYrmfyJTsV0wQM
75,"Microsoft Surface Pro 11 Copilot+ (OLED, 16GB)",Microsoft,Laptops,"An ultra-portable kickstand tablet that converts into a full laptop via a detachable keyboard, powered by intelligent AI engines",134999.0,152999.0,11.8,4.3,3938,27,https://encrypted-tbn1.gstatic.com/shopping?q=tbn:ANd9GcS2PZoytb2WOwyJoPt2_P35uboRheZpCEIHY8js8NrCN-zyyRIiO1HhhGXh9BCLA6645PDiWc-nQdgjMZ-8Ug52pY9FStV10J9Z8fQ1bDlW-GR2x3Nu0bN_Pi8
76,HP OmniBook Ultra Flip 14 AI 2-in-1 OLED,HP,Laptops,"A sleek, premium convertible that offers supreme flexibility for business and media consumption, easily shifting between modes",159990.0,179990.0,11.1,4.0,3459,13,https://encrypted-tbn2.gstatic.com/shopping?q=tbn:ANd9GcS--4KmJDlrOkoec28VJkapUfbCUQ2RzXjOokOmBAgOwNEF34-MeLYustqZVNUAqi0_ELPp7LPUDpLbSieWK2xufX1jtHOt
77,"Samsung Galaxy S24 5G (256GB, 8GB RAM)",Samsung,Mobiles,"A smaller-sized flagship that includes AI-assisted editing tools, a 50MP ProVisual camera, and lasting durability.",79999.0,84999.0,5.9,5.0,4164,53,https://encrypted-tbn0.gstatic.com/shopping?q=tbn:ANd9GcQ-_K4WuO--SZLxDlXmDtZL9Q2jsNj3AyBN1rb15GunaFaDIlmTqd6sncz3UioI5Mj5sbO3u3o7ky075NLq2CKV0PYAWHG3t3cljVJcJAybnF596XWF7BxdBQ
78,Dell Inspiron 14 Plus 2-in-1 (Intel Core Ultra 7),Dell,Laptops,"Features Intel Core Ultra processors and smart AI-enabled multitasking. It seamlessly switches between laptop, tablet, tent, and stand modes. [1, 2, 3]",99990.0,112990.0,11.5,4.6,2831,89,https://encrypted-tbn3.gstatic.com/shopping?q=tbn:ANd9GcTkopFGTFhVm3F8pp_7hPnGfb77MjZmWHDq-lEl2QqcFJrs9NxLMdqxhJWUwMskAvrBPgUFocdsBMa_rPJ__QU4H32GIriRUcPdXKFRCMP3t1dRhh_v6StWLNw
79,ASUS Zenbook DUO 2024 Dual 14-inch OLED,Asus,Laptops, A cutting-edge 14-inch 3K OLED touchscreen laptop that features a unique dual-screen setup for immense productivity and workflow flexibility.,169990.0,189990.0,10.5,4.9,4444,21,https://encrypted-tbn0.gstatic.com/shopping?q=tbn:ANd9GcTTHhbFvMHoWpRxau3HwKlYUrQ_Kf3KZ2BdZFFZDt2Vat4dkyaq3HFVS8Sh0fTxNPy765DFSYcVdwxaMVlWZr-q-oo_8_JKHbdxdmQJHumlR0Vg6-law9m0
80,"Redmi Note 13 Pro+ 5G (256GB, 200MP OIS)",Redmi,Mobiles,"Highly rated for its performance, driven by the MediaTek Dimensity 8500 Ultra chipset.",27999.0,31999.0,12.5,3.9,2209,48,https://encrypted-tbn1.gstatic.com/shopping?q=tbn:ANd9GcTARpvxSDkkvOzrSM33mUBc87oqbYb0n2nYQHOrZmQZTNYwH33KONnsDmtxJTxQ4FOwacbENZxAbySjVUXRL59L3kPs0lLcFaSpal4uwnakU5wvb6CostaW
81,Google Pixel Buds Pro 2 with Tensor A1 Chip,Google,Headphones,"Best-in-class true wireless for Android users, offering deep Google Assistant integration, twist-to-adjust fit, and excellent ANC. [1, 2, 3]",22900.0,22900.0,0.0,4.3,2382,71,https://encrypted-tbn3.gstatic.com/shopping?q=tbn:ANd9GcS_2pGGEvdsFWkXgyRRepldYn5jjmHYHCQ1rNht1Q5B4TuALCY9fyISzLHFh-i1VcHzYncFhzsDy7fAe8Digh7l1q8djrhrDmUcvsyJUN1QdmiikuLUtDuwheY
82,Apple iPhone 16 128GB (Teal/Black/Ultramarine),Apple,Mobiles,Apple iPhone 16 128GB Super Retina XDR Display A18 Chip Dual Camera 5G Smartphone,79900.0,79900.0,0.0,4.8,2541,35,https://encrypted-tbn0.gstatic.com/images?q=tbn:ANd9GcTywAcTpUvs9YnCfePwb4PVt_U21fCkbQAHKUYjUpv0vg&s=10
83,Samsung Galaxy S24+ 256GB (Snapdragon/Exynos),Samsung,Mobiles,Samsung Galaxy S25 AI Smartphone Snapdragon Processor AMOLED Display 256GB,84999.0,99999.0,15.0,4.8,1988,30,https://encrypted-tbn0.gstatic.com/images?q=tbn:ANd9GcRRByC5j43Toqeiynapswgickv2XS31zHa5b33hOGhT7w&s=10
84,OnePlus 13 5G 256GB (Hasselblad Triple Camera),OnePlus,Mobiles,OnePlus 13 Flagship Smartphone Snapdragon Elite Processor 256GB Storage,69999.0,74999.0,6.7,4.7,1672,40,https://encrypted-tbn0.gstatic.com/images?q=tbn:ANd9GcSr3_4L8nnVp9onfPnKDeAD3YNfogPN95BLkKZJb-781A&s=10
85,Google Pixel 9 128GB (50MP Advanced Dual Camera),Google,Mobiles,Google Pixel 10 5G Smartphone Tensor Processor AI Camera 128GB,79999.0,89999.0,11.1,4.9,1015,22,https://encrypted-tbn0.gstatic.com/images?q=tbn:ANd9GcS2T-peyuttINEZeI4vgMR6mducfzT1m0LI72poit1owQ&s=10
86,"Nothing Phone 2 5G (256GB, 12GB RAM)",Nothing,Mobiles,Nothing Phone 3 Transparent Design AMOLED Display 5G Smartphone,44999.0,49999.0,10.0,4.6,934,48,https://encrypted-tbn0.gstatic.com/images?q=tbn:ANd9GcQtlvNcKUNtaDZPCy-KkS_mbw6Of70C0yCf-8PdLb2X-Q&s=10
87,"Xiaomi 14 5G (512GB, Leica Summilux Lens)",Xiaomi,Mobiles,Xiaomi 15 Leica Camera Snapdragon Elite Processor 5G Smartphone,64999.0,69999.0,7.1,4.7,1266,37,https://encrypted-tbn0.gstatic.com/images?q=tbn:ANd9GcTbLVEqY80tHJ-EeTXoUsuG8ErvQ_zh-YdQS5oIrjNfBw&s
88,"Realme GT 6 5G (256GB, 6000-nit Ultra Display)",Realme,Mobiles,Realme GT 8 Pro Gaming Smartphone AMOLED Display Fast Charging,42999.0,46999.0,8.5,4.5,1405,55,https://encrypted-tbn0.gstatic.com/images?q=tbn:ANd9GcStl-JVlCfnzAF3dcXh7yTvj7fuArz_sdqAyc9JFz9gGw&s=10
89,"Motorola Edge 50 Fusion (256GB, Curved pOLED)",Motorola,Mobiles,Motorola Edge 60 Fusion Curved Display 5G Smartphone,22999.0,25999.0,11.5,4.5,1708,63,https://encrypted-tbn0.gstatic.com/images?q=tbn:ANd9GcQk7Q1IBGMz54Zi1w-O19shW7Qc1tcjHvIUabTkPrry3w&s=10
90,"Apple MacBook Air 13-inch M3 (8GB, 256GB)",Apple,Laptops,Apple MacBook Air M4 Chip 13 Inch Laptop 16GB RAM 512GB SSD,109900.0,114900.0,4.4,4.9,863,18,https://encrypted-tbn0.gstatic.com/images?q=tbn:ANd9GcR2ja6xvdSHJAd3tBZ6lB8SpElItQLIrcwtuEbYzj32BA&s=10
91,"Dell Inspiron 15 3530 (Core i5 1335U, 16GB, 512GB)",Dell,Laptops,Dell Inspiron 15 Intel Core i5 13th Gen 16GB RAM 512GB SSD Laptop,52990.0,64990.0,18.5,4.7,742,24,https://encrypted-tbn0.gstatic.com/images?q=tbn:ANd9GcQA6XuUqyc2NJpb7_JS0xYtAJagli6QOyEBNQSoCWrMBg&s
92,"HP Pavilion 15 (Core i5 13th Gen, 16GB, Backlit)",HP,Laptops,HP Pavilion 15 Ryzen 7 Laptop 16GB RAM 512GB SSD Windows 11,66990.0,77990.0,14.1,4.6,811,20,https://encrypted-tbn0.gstatic.com/images?q=tbn:ANd9GcTYltZrDR-iouePruSi2iCJaYMXyvS6vuDoYr_wA9hpIA&s=10
93,"Lenovo IdeaPad Slim 5 (Core i5 13500H, 16GB, OLED)",Lenovo,Laptops,Lenovo IdeaPad Slim 5 Intel Core i5 Laptop Full HD IPS Display,68990.0,82990.0,16.9,4.6,990,28,https://encrypted-tbn0.gstatic.com/images?q=tbn:ANd9GcRmpF7PkBQ1yLdGBh3iVRLnZBzJp-gU_4kOfiDswWz8rQ&s=10
94,"ASUS Vivobook 15 OLED (Ryzen 7 7730U, 16GB, 512GB)",ASUS,Laptops,ASUS VivoBook OLED Laptop Intel Core i7 16GB RAM 512GB SSD,64990.0,79990.0,18.8,4.8,611,19,https://encrypted-tbn0.gstatic.com/images?q=tbn:ANd9GcSREtZHHXuOn5SDtWFV-TeQ95s-WqkkMKeDE4_4d95vPw&s=10
95,"Acer Aspire 7 Gaming (Core i5 12th Gen, RTX 3050)",Acer,Laptops,Acer Aspire 7 Gaming Laptop RTX Graphics Ryzen Processor 16GB RAM,58990.0,74990.0,21.3,4.7,529,17,https://encrypted-tbn0.gstatic.com/images?q=tbn:ANd9GcT8iOfj0EnkYLJNT8g56XopWbIZgynwKXVf0qWhX9NxSg&s
96,"MSI Thin 15 Gaming (Core i7 12th Gen, RTX 4050)",MSI,Laptops,MSI Thin 15 Gaming Laptop Intel Core i7 RTX 4050 16GB RAM 512GB SSD,72990.0,89990.0,18.9,4.8,624,16,https://encrypted-tbn0.gstatic.com/images?q=tbn:ANd9GcQlMXkVaYX32n_wrC1C_l5UZNtgKap8b-QWPZlR1d8UUA&s
97,"Lenovo Legion 5 (Ryzen 7 7840HS, RTX 4060, WQXGA)",Lenovo,Laptops,Lenovo Legion 5 Gaming Laptop Ryzen 7 RTX 4060 16GB RAM,118990.0,139990.0,15.0,4.9,483,12,https://media-ik.croma.com/Croma%20Assets/Computers%20Peripherals/Laptop/Images/319616_0_ThCKC9MSR.png?updatedAt=1771321444363&tr=w-640
98,"ASUS ROG Strix G16 (Core i7 13650HX, RTX 4060)",ASUS,Laptops,ASUS ROG Strix G16 Gaming Laptop Intel Core i7 RTX 4060,139990.0,164990.0,15.2,4.9,451,10,https://encrypted-tbn0.gstatic.com/shopping?q=tbn:ANd9GcRGqeJcZT6UHYp4DZ-Yl8gMM6Z9gb1dRht9QpBnCLxAIx_g1iom2XyCI7fE2doCpoVxKPVn1Nf6FYXMLVOdjvpTyMTwt8WG6mt1RXPUv13Y&usqp=CAc
99,"HP Victus Gaming 16 (Ryzen 7 7840HS, RTX 4060)",HP,Laptops,HP Victus Gaming Laptop Ryzen 7 RTX 4050 16GB RAM,89990.0,104990.0,14.3,4.7,701,18,https://encrypted-tbn0.gstatic.com/images?q=tbn:ANd9GcSmoeyY9RuTUcZ9w-wv07vulHD1oCAEEqtRi0gfCmhVcQ&s
100,"Dell Alienware m16 R2 (Core Ultra 9 185H, RTX 4070)",Dell,Laptops,Dell Alienware M16 Gaming Laptop Intel Core i9 RTX 4070,199990.0,234990.0,14.9,4.9,282,8,https://encrypted-tbn0.gstatic.com/images?q=tbn:ANd9GcQojImlM9HdWFQbbp3ytU1_o7ocwhSvSdCrcG4kbk7w0Q&s=10
